SN1052_332_C7M91ACXX_2_1101_4699_1999	TTCGCTACGTATCCTACAGATCAGTAGGACAAATCATATACACAGAATTC
SN1052_332_C7M91ACXX_2_1101_4970_1997	TACTCTAAGGAATCTTCTAATGCGTCTCCCCCAACAAAAACGTAGAATTC
SN1052_332_C7M91ACXX_2_1101_8932_1993	CTACCTAAACATCCTTACTCGTCAGCTAAATCCGATAAGCCGTAGAATTC
SN1052_332_C7M91ACXX_2_1101_13606_1989	CCCACTACCCCGAACCACCCATCTCATTAGGCTAACCCTTCTGCGAATTC
SN1052_332_C7M91ACXX_2_1101_16709_1993	CCCACTACTAAAAACGAAAAACACTAACACAAGCAGAACTTACGGAATTT
SN1052_332_C7M91ACXX_2_1101_17851_2000	CTTGCTACAACTAAGCATACAGAGGCGCAGCAAGTAGATTTAAGGGATTG
SN1052_332_C7M91ACXX_2_1101_1367_2006	GCAGCTACAAATGAGTAGCACAAGCAACCACAGCAATATTAAAAGCATTC
SN1052_332_C7M91ACXX_2_1101_2465_2004	GACTCTACGTCAAAACCCGCTGCGTCGGACTATCACTATGATGAGCATTC
SN1052_332_C7M91ACXX_2_1101_2292_2219	GTCACTAATTCCTAAACACAGCCATAAAATGACCCGGCTGCTTAGCATTC
SN1052_332_C7M91ACXX_2_1101_3162_2245	ATTACTAAGAACTCAGAGGCAACCAAAACCAACGCCCACCAAAGACTTCG
SN1052_332_C7M91ACXX_2_1101_3466_2193	TTTACTAATCACCAGAAAACCAAGGCTAAGGCCAATGCCTATGAGCATTC

